CIDADE,expectativa_total,total_liderancas,peso_medio_liderancas,forca_media_local,score_medio,score_maximo,score_municipal_v6,cidade_norm,prefeito_apoia,sentimento_local_txt,distancia_tuntum_km,bonus_prefeito,score_proximidade,score_sentimento_local,fator_ancora_v7,score_municipal_v7,prioridade_v7,base_eleitoral_v8,peso_eleitoral,score_municipal_v8,prioridade_v8,cenario_conservador_v8,cenario_realista_v8,cenario_forte_v8,eficiencia_eleitoral,cluster_v9,acao_recomendada,municipio,prioridade_agenda,agenda_score,indice_consolidado,cd_mun,mapa_ok,cidade_norm_join,qtd_mencoes,sentimento_medio,engajamento_medio,alcance_medio,rejeicao_media,isd_v11,classificacao_isd,fontes,temas,indice_master_v12
Tuntum,10000.0,1,100.0,100.0,100.0,100.0,100.0,tuntum,1,alto,0.0,15,100,85,100,84.25,A,50000.0,85,78.8125,B,9000.0,10000.0,11500.0,20.0,Expansão quente,"Priorizar agenda, alianças e comunicação local.",Tuntum,Sem classificação,78.8125,69.99062500000001,2112308,True,tuntum,1.0,55.0,66.0,78.0,34.0,46.41,Neutro/instável,Domingos Costa,Fernando Pessoa; Tuntum; apoio; família política,62.9164375
Presidente Dutra,1500.0,1,70.0,80.0,76.5,76.5,75.6,presidente dutra,0,medio,75.0,0,85,60,75,62.42999999999999,C,7500.0,40,54.6075,D,1350.0,1500.0,1724.9999999999998,20.0,Custo alto,Entrar com cautela e baixo custo político.,Presidente Dutra,Sem classificação,54.6075,49.416375,2109106,True,presidente dutra,0.0,0.0,0.0,0.0,0.0,0.0,Sem dados digitais,,,34.5914625
Capinzal,0.0,1,100.0,100.0,85.0,85.0,94.0,capinzal do norte,0,medio,250.0,0,55,60,50,58.45,C,,100,54.3625,D,,,,0.0,Custo alto,Entrar com cautela e baixo custo político.,Capinzal,Sem classificação,54.3625,46.208124999999995,2102754,True,capinzal,0.0,0.0,0.0,0.0,0.0,0.0,Sem dados digitais,,,32.3456875
Bacabal,0.0,1,70.0,100.0,74.5,74.5,80.8,bacabal,0,medio,250.0,0,55,60,50,54.49,C,,100,53.3725,D,,,,0.0,Custo alto,Entrar com cautela e baixo custo político.,Bacabal,Sem classificação,53.3725,45.366625,2101202,True,bacabal,0.0,0.0,0.0,0.0,0.0,0.0,Sem dados digitais,,,31.756637499999997
Monção,0.0,1,65.0,35.0,50.0,50.0,50.0,moncao,0,medio,250.0,0,55,60,50,45.25,D,,100,51.0625,D,,,,0.0,Custo alto,Entrar com cautela e baixo custo político.,Monção,Sem classificação,51.0625,43.403125,2106904,True,moncao,0.0,0.0,0.0,0.0,0.0,0.0,Sem dados digitais,,,30.3821875
Dom Pedro,2000.0,2,52.5,57.5,62.5,76.5,63.6,dom pedro,0,medio,135.0,0,70,60,75,56.58,C,10000.0,40,50.895,D,1800.0,2000.0,2300.0,20.0,Custo alto,Entrar com cautela e baixo custo político.,Dom Pedro,Sem classificação,50.895,46.26075,2103802,True,dom pedro,1.0,79.0,56.0,72.0,14.0,52.87,Neutro/instável,Maramais,Dom Pedro; demandas; escuta; povoados,48.243525
Santa Rita,0.0,0,35.0,35.0,39.5,39.5,36.8,santa rita,0,medio,250.0,0,55,60,50,41.29,D,,100,50.0725,D,,,,0.0,Custo alto,Entrar com cautela e baixo custo político.,Santa Rita,Sem classificação,50.0725,42.561625,2110203,True,santa rita,0.0,0.0,0.0,0.0,0.0,0.0,Sem dados digitais,,,29.793137499999997
São Luís,0.0,0,35.0,35.0,39.5,39.5,36.8,sao luis,0,medio,250.0,0,55,60,50,41.29,D,,100,50.0725,D,,,,0.0,Custo alto,Entrar com cautela e baixo custo político.,São Luís,Sem classificação,50.0725,42.561625,2111300,True,sao luis,7.0,69.57142857142857,54.71428571428572,71.85714285714286,22.571428571428573,63.63,Favorável,Maramais; Neto Ferreira; Panorama News 360; Portal O Informante; Tribuna Cast / YouTube,Anil; Cidade Olímpica; Coroadinho; Fábio Viegas; Lira; Orleans Brandão; PDT; São Luís; Weverton Rocha; aliados; articulação estadual; ação social; bairros; capital; desgaste; filiação; lideranças; podcast; presença territorial; propósito; pré-candidatura; questionamentos; trajetória; vida pública,48.8821375
Barra do Corda,1500.0,1,35.0,35.0,48.5,48.5,40.400000000000006,barra do corda,0,medio,115.0,0,70,60,75,49.620000000000005,D,7500.0,40,49.155,D,1350.0,1500.0,1724.9999999999998,20.0,Custo alto,Entrar com cautela e baixo custo político.,Barra do Corda,Sem classificação,49.155,44.78175,2101608,True,barra do corda,0.0,0.0,0.0,0.0,0.0,0.0,Sem dados digitais,,,31.347224999999998
Grajaú,1000.0,1,100.0,100.0,85.0,85.0,94.0,grajau,0,medio,250.0,0,55,60,50,58.45,C,5000.0,40,45.3625,D,900.0,1000.0,1150.0,20.0,Custo alto,Entrar com cautela e baixo custo político.,Grajaú,Sem classificação,45.3625,41.558125,2104800,True,grajau,0.0,0.0,0.0,0.0,0.0,0.0,Sem dados digitais,,,29.090687499999994
Apicum-Açu,900.0,1,100.0,100.0,85.0,85.0,94.0,apicum acu,0,medio,250.0,0,55,60,50,58.45,C,4500.0,40,45.3625,D,810.0,900.0,1035.0,20.0,Custo alto,Entrar com cautela e baixo custo político.,Apicum-Açu,Sem classificação,45.3625,41.558125,2100832,True,apicum acu,0.0,0.0,0.0,0.0,0.0,0.0,Sem dados digitais,,,29.090687499999994
Paraibano,500.0,1,100.0,100.0,85.0,85.0,94.0,paraibano,0,medio,250.0,0,55,60,50,58.45,C,2500.0,40,45.3625,D,450.0,500.0,575.0,20.0,Custo alto,Entrar com cautela e baixo custo político.,Paraibano,Sem classificação,45.3625,41.558125,2107704,True,paraibano,0.0,0.0,0.0,0.0,0.0,0.0,Sem dados digitais,,,29.090687499999994
Mirador,500.0,1,100.0,100.0,85.0,85.0,94.0,mirador,0,medio,250.0,0,55,60,50,58.45,C,2500.0,40,45.3625,D,450.0,500.0,575.0,20.0,Custo alto,Entrar com cautela e baixo custo político.,Mirador,Sem classificação,45.3625,41.558125,2106706,True,mirador,0.0,0.0,0.0,0.0,0.0,0.0,Sem dados digitais,,,29.090687499999994
Estreito,1500.0,1,100.0,100.0,85.0,85.0,94.0,estreito,0,medio,250.0,0,55,60,50,58.45,C,7500.0,40,45.3625,D,1350.0,1500.0,1724.9999999999998,20.0,Custo alto,Entrar com cautela e baixo custo político.,Estreito,Sem classificação,45.3625,41.558125,2104057,True,estreito,0.0,0.0,0.0,0.0,0.0,0.0,Sem dados digitais,,,29.090687499999994
Jenipapo dos Vieiras,700.0,1,100.0,100.0,85.0,85.0,94.0,jenipapo dos vieiras,0,medio,250.0,0,55,60,50,58.45,C,3500.0,40,45.3625,D,630.0,700.0,804.9999999999999,20.0,Custo alto,Entrar com cautela e baixo custo político.,Jenipapo dos Vieiras,Sem classificação,45.3625,41.558125,2105476,True,jenipapo dos vieiras,0.0,0.0,0.0,0.0,0.0,0.0,Sem dados digitais,,,29.090687499999994
Jatobá,1200.0,1,100.0,100.0,85.0,85.0,94.0,jatoba,0,medio,250.0,0,55,60,50,58.45,C,6000.0,40,45.3625,D,1080.0,1200.0,1380.0,20.0,Custo alto,Entrar com cautela e baixo custo político.,Jatobá,Sem classificação,45.3625,41.558125,2105450,True,jatoba,0.0,0.0,0.0,0.0,0.0,0.0,Sem dados digitais,,,29.090687499999994
Esperantinópolis,800.0,1,100.0,100.0,85.0,85.0,94.0,esperantinopolis,0,medio,250.0,0,55,60,50,58.45,C,4000.0,40,45.3625,D,720.0,800.0,920.0,20.0,Custo alto,Entrar com cautela e baixo custo político.,Esperantinópolis,Sem classificação,45.3625,41.558125,2104008,True,esperantinopolis,0.0,0.0,0.0,0.0,0.0,0.0,Sem dados digitais,,,29.090687499999994
São Luís Gonzaga do MA,500.0,1,100.0,100.0,85.0,85.0,94.0,sao luis gonzaga do maranhao,0,medio,250.0,0,55,60,50,58.45,C,2500.0,40,45.3625,D,450.0,500.0,575.0,20.0,Custo alto,Entrar com cautela e baixo custo político.,São Luís Gonzaga do MA,Sem classificação,45.3625,41.558125,2111409,True,sao luis gonzaga do ma,0.0,0.0,0.0,0.0,0.0,0.0,Sem dados digitais,,,29.090687499999994
Trizidela do Vale,300.0,1,100.0,100.0,85.0,85.0,94.0,trizidela do vale,0,medio,250.0,0,55,60,50,58.45,C,1500.0,40,45.3625,D,270.0,300.0,345.0,20.0,Custo alto,Entrar com cautela e baixo custo político.,Trizidela do Vale,Sem classificação,45.3625,41.558125,2112233,True,trizidela do vale,0.0,0.0,0.0,0.0,0.0,0.0,Sem dados digitais,,,29.090687499999994
Santa Helena,350.0,1,100.0,100.0,85.0,85.0,94.0,santa helena,0,medio,250.0,0,55,60,50,58.45,C,1750.0,40,45.3625,D,315.0,350.0,402.5,20.0,Custo alto,Entrar com cautela e baixo custo político.,Santa Helena,Sem classificação,45.3625,41.558125,2109809,True,santa helena,0.0,0.0,0.0,0.0,0.0,0.0,Sem dados digitais,,,29.090687499999994
Penalva,500.0,1,100.0,100.0,85.0,85.0,94.0,penalva,0,medio,250.0,0,55,60,50,58.45,C,2500.0,40,45.3625,D,450.0,500.0,575.0,20.0,Custo alto,Entrar com cautela e baixo custo político.,Penalva,Sem classificação,45.3625,41.558125,2108306,True,penalva,0.0,0.0,0.0,0.0,0.0,0.0,Sem dados digitais,,,29.090687499999994
Gov. Eugênio Barros,200.0,1,100.0,100.0,85.0,85.0,94.0,governador eugenio barros,0,medio,250.0,0,55,60,50,58.45,C,1000.0,40,45.3625,D,180.0,200.0,230.0,20.0,Custo alto,Entrar com cautela e baixo custo político.,Gov. Eugênio Barros,Sem classificação,45.3625,41.558125,2104602,True,gov eugenio barros,0.0,0.0,0.0,0.0,0.0,0.0,Sem dados digitais,,,29.090687499999994
Gonçalves Dias,1200.0,1,100.0,100.0,85.0,85.0,94.0,goncalves dias,0,medio,250.0,0,55,60,50,58.45,C,6000.0,40,45.3625,D,1080.0,1200.0,1380.0,20.0,Custo alto,Entrar com cautela e baixo custo político.,Gonçalves Dias,Sem classificação,45.3625,41.558125,2104404,True,goncalves dias,0.0,0.0,0.0,0.0,0.0,0.0,Sem dados digitais,,,29.090687499999994
Santa Filomena do MA,1000.0,1,100.0,100.0,85.0,85.0,94.0,sao filomena do maranhao,0,medio,250.0,0,55,60,50,58.45,C,5000.0,40,45.3625,D,900.0,1000.0,1150.0,20.0,Custo alto,Entrar com cautela e baixo custo político.,Santa Filomena do MA,Sem classificação,45.3625,41.558125,,False,santa filomena do ma,0.0,0.0,0.0,0.0,0.0,0.0,Sem dados digitais,,,29.090687499999994
Morros,600.0,1,100.0,80.0,78.0,78.0,85.2,morros,0,medio,250.0,0,55,60,50,55.81,C,3000.0,40,44.7025,D,540.0,600.0,690.0,20.0,Custo alto,Entrar com cautela e baixo custo político.,Morros,Sem classificação,44.7025,40.997125000000004,2107100,True,morros,0.0,0.0,0.0,0.0,0.0,0.0,Sem dados digitais,,,28.6979875
Serrano do Maranhão,200.0,1,100.0,80.0,78.0,78.0,85.2,serrano do maranhao,0,medio,250.0,0,55,60,50,55.81,C,1000.0,40,44.7025,D,180.0,200.0,230.0,20.0,Custo alto,Entrar com cautela e baixo custo político.,Serrano do Maranhão,Sem classificação,44.7025,40.997125000000004,2111789,True,serrano do maranhao,0.0,0.0,0.0,0.0,0.0,0.0,Sem dados digitais,,,28.6979875
São Domingos do MA,2000.0,1,70.0,100.0,74.5,74.5,80.8,sao domingos do maranhao,0,medio,250.0,0,55,60,50,54.49,C,10000.0,40,44.3725,D,1800.0,2000.0,2300.0,20.0,Custo alto,Entrar com cautela e baixo custo político.,São Domingos do MA,Sem classificação,44.3725,40.71662500000001,2110708,True,sao domingos do ma,0.0,0.0,0.0,0.0,0.0,0.0,Sem dados digitais,,,28.501637500000005
São José de Ribamar,700.0,1,70.0,100.0,74.5,74.5,80.8,sao jose de ribamar,0,medio,250.0,0,55,60,50,54.49,C,3500.0,40,44.3725,D,630.0,700.0,804.9999999999999,20.0,Custo alto,Entrar com cautela e baixo custo político.,São José de Ribamar,Sem classificação,44.3725,40.71662500000001,2111201,True,sao jose de ribamar,0.0,0.0,0.0,0.0,0.0,0.0,Sem dados digitais,,,28.501637500000005
Imperatriz,500.0,1,70.0,100.0,74.5,74.5,80.8,imperatriz,0,medio,250.0,0,55,60,50,54.49,C,2500.0,40,44.3725,D,450.0,500.0,575.0,20.0,Custo alto,Entrar com cautela e baixo custo político.,Imperatriz,Sem classificação,44.3725,40.71662500000001,2105302,True,imperatriz,1.0,80.0,70.0,82.0,14.0,58.31,Neutro/instável,Barra do Corda Notícia,Imperatriz; Orleans Brandão; Região Tocantina; lideranças,45.9946375
São João dos Patos,1500.0,1,70.0,100.0,74.5,74.5,80.8,sao joao dos patos,0,medio,250.0,0,55,60,50,54.49,C,7500.0,40,44.3725,D,1350.0,1500.0,1724.9999999999998,20.0,Custo alto,Entrar com cautela e baixo custo político.,São João dos Patos,Sem classificação,44.3725,40.71662500000001,2111102,True,sao joao dos patos,0.0,0.0,0.0,0.0,0.0,0.0,Sem dados digitais,,,28.501637500000005
Icatu,800.0,1,70.0,100.0,74.5,74.5,80.8,icatu,0,medio,250.0,0,55,60,50,54.49,C,4000.0,40,44.3725,D,720.0,800.0,920.0,20.0,Custo alto,Entrar com cautela e baixo custo político.,Icatu,Sem classificação,44.3725,40.71662500000001,2105104,True,icatu,0.0,0.0,0.0,0.0,0.0,0.0,Sem dados digitais,,,28.501637500000005
Turiaçu,500.0,1,70.0,80.0,67.5,67.5,72.0,turiacu,0,medio,250.0,0,55,60,50,51.85,C,2500.0,40,43.7125,D,450.0,500.0,575.0,20.0,Custo alto,Entrar com cautela e baixo custo político.,Turiaçu,Sem classificação,43.7125,40.155625,2112407,True,turiacu,0.0,0.0,0.0,0.0,0.0,0.0,Sem dados digitais,,,28.1089375
Anajatuba,500.0,1,70.0,80.0,67.5,67.5,72.0,anajatuba,0,medio,250.0,0,55,60,50,51.85,C,2500.0,40,43.7125,D,450.0,500.0,575.0,20.0,Custo alto,Entrar com cautela e baixo custo político.,Anajatuba,Sem classificação,43.7125,40.155625,2100709,True,anajatuba,0.0,0.0,0.0,0.0,0.0,0.0,Sem dados digitais,,,28.1089375
Pirapemas,500.0,1,70.0,80.0,67.5,67.5,72.0,pirapemas,0,medio,250.0,0,55,60,50,51.85,C,2500.0,40,43.7125,D,450.0,500.0,575.0,20.0,Custo alto,Entrar com cautela e baixo custo político.,Pirapemas,Sem classificação,43.7125,40.155625,2108801,True,pirapemas,0.0,0.0,0.0,0.0,0.0,0.0,Sem dados digitais,,,28.1089375
Tufilândia,400.0,1,70.0,80.0,67.5,67.5,72.0,tufilandia,0,medio,250.0,0,55,60,50,51.85,C,2000.0,40,43.7125,D,360.0,400.0,460.0,20.0,Custo alto,Entrar com cautela e baixo custo político.,Tufilândia,Sem classificação,43.7125,40.155625,2112274,True,tufilandia,0.0,0.0,0.0,0.0,0.0,0.0,Sem dados digitais,,,28.1089375
Timon,1500.0,1,70.0,80.0,67.5,67.5,72.0,timon,0,medio,250.0,0,55,60,50,51.85,C,7500.0,40,43.7125,D,1350.0,1500.0,1724.9999999999998,20.0,Custo alto,Entrar com cautela e baixo custo político.,Timon,Sem classificação,43.7125,40.155625,2112209,True,timon,0.0,0.0,0.0,0.0,0.0,0.0,Sem dados digitais,,,28.1089375
Coroatá,200.0,1,70.0,80.0,67.5,67.5,72.0,coroata,0,medio,250.0,0,55,60,50,51.85,C,1000.0,40,43.7125,D,180.0,200.0,230.0,20.0,Custo alto,Entrar com cautela e baixo custo político.,Coroatá,Sem classificação,43.7125,40.155625,2103604,True,coroata,0.0,0.0,0.0,0.0,0.0,0.0,Sem dados digitais,,,28.1089375
Amarante do MA,1500.0,1,70.0,80.0,67.5,67.5,72.0,amarante do maranhao,0,medio,250.0,0,55,60,50,51.85,C,7500.0,40,43.7125,D,1350.0,1500.0,1724.9999999999998,20.0,Custo alto,Entrar com cautela e baixo custo político.,Amarante do MA,Sem classificação,43.7125,40.155625,2100600,True,amarante do ma,0.0,0.0,0.0,0.0,0.0,0.0,Sem dados digitais,,,28.1089375
Mata Roma,450.0,1,70.0,80.0,67.5,67.5,72.0,mata roma,0,medio,250.0,0,55,60,50,51.85,C,2250.0,40,43.7125,D,405.0,450.0,517.5,20.0,Custo alto,Entrar com cautela e baixo custo político.,Mata Roma,Sem classificação,43.7125,40.155625,2106409,True,mata roma,0.0,0.0,0.0,0.0,0.0,0.0,Sem dados digitais,,,28.1089375
Bacabeira,300.0,1,100.0,35.0,62.25,62.25,65.4,bacabeira,0,medio,250.0,0,55,60,50,49.870000000000005,D,1500.0,40,43.2175,D,270.0,300.0,345.0,20.0,Custo alto,Entrar com cautela e baixo custo político.,Bacabeira,Sem classificação,43.2175,39.734875,2101251,True,bacabeira,0.0,0.0,0.0,0.0,0.0,0.0,Sem dados digitais,,,27.8144125
Nina Rodrigues,100.0,1,100.0,35.0,62.25,62.25,65.4,nina rodrigues,0,medio,250.0,0,55,60,50,49.870000000000005,D,500.0,40,43.2175,D,90.0,100.0,115.0,20.0,Custo alto,Entrar com cautela e baixo custo político.,Nina Rodrigues,Sem classificação,43.2175,39.734875,2107209,True,nina rodrigues,0.0,0.0,0.0,0.0,0.0,0.0,Sem dados digitais,,,27.8144125
Governador Archer,1000.0,1,100.0,35.0,62.25,62.25,65.4,governador archer,0,medio,250.0,0,55,60,50,49.870000000000005,D,5000.0,40,43.2175,D,900.0,1000.0,1150.0,20.0,Custo alto,Entrar com cautela e baixo custo político.,Governador Archer,Sem classificação,43.2175,39.734875,2104503,True,governador archer,0.0,0.0,0.0,0.0,0.0,0.0,Sem dados digitais,,,27.8144125
Carutapera,200.0,1,70.0,60.0,60.5,60.5,63.2,carutapera,0,medio,250.0,0,55,60,50,49.21,D,1000.0,40,43.0525,D,180.0,200.0,230.0,20.0,Custo alto,Entrar com cautela e baixo custo político.,Carutapera,Sem classificação,43.0525,39.594625,2102903,True,carutapera,0.0,0.0,0.0,0.0,0.0,0.0,Sem dados digitais,,,27.7162375
Itapecuru mirim,250.0,1,70.0,60.0,60.5,60.5,63.2,itapecuru mirim,0,medio,250.0,0,55,60,50,49.21,D,1250.0,40,43.0525,D,225.0,250.0,287.5,20.0,Custo alto,Entrar com cautela e baixo custo político.,Itapecuru mirim,Sem classificação,43.0525,39.594625,2105401,True,itapecuru mirim,0.0,0.0,0.0,0.0,0.0,0.0,Sem dados digitais,,,27.7162375
Bacuri,500.0,1,70.0,60.0,60.5,60.5,63.2,bacuri,0,medio,250.0,0,55,60,50,49.21,D,2500.0,40,43.0525,D,450.0,500.0,575.0,20.0,Custo alto,Entrar com cautela e baixo custo político.,Bacuri,Sem classificação,43.0525,39.594625,2101301,True,bacuri,0.0,0.0,0.0,0.0,0.0,0.0,Sem dados digitais,,,27.7162375
Coelho Neto,150.0,1,70.0,60.0,60.5,60.5,63.2,coelho neto,0,medio,250.0,0,55,60,50,49.21,D,750.0,40,43.0525,D,135.0,150.0,172.5,20.0,Custo alto,Entrar com cautela e baixo custo político.,Coelho Neto,Sem classificação,43.0525,39.594625,2103406,True,coelho neto,0.0,0.0,0.0,0.0,0.0,0.0,Sem dados digitais,,,27.7162375
Paço do Lumiar,100.0,1,70.0,60.0,60.5,60.5,63.2,paco do lumiar,0,medio,250.0,0,55,60,50,49.21,D,500.0,40,43.0525,D,90.0,100.0,115.0,20.0,Custo alto,Entrar com cautela e baixo custo político.,Paço do Lumiar,Sem classificação,43.0525,39.594625,2107506,True,paco do lumiar,0.0,0.0,0.0,0.0,0.0,0.0,Sem dados digitais,,,27.7162375
Amapá do Maranhão,300.0,1,70.0,60.0,60.5,60.5,63.2,amapa do maranhao,0,medio,250.0,0,55,60,50,49.21,D,1500.0,40,43.0525,D,270.0,300.0,345.0,20.0,Custo alto,Entrar com cautela e baixo custo político.,Amapá do Maranhão,Sem classificação,43.0525,39.594625,2100550,True,amapa do maranhao,0.0,0.0,0.0,0.0,0.0,0.0,Sem dados digitais,,,27.7162375
São João do Soter,200.0,1,70.0,60.0,60.5,60.5,63.2,sao joao do soter,0,medio,250.0,0,55,60,50,49.21,D,1000.0,40,43.0525,D,180.0,200.0,230.0,20.0,Custo alto,Entrar com cautela e baixo custo político.,São João do Soter,Sem classificação,43.0525,39.594625,2111078,True,sao joao do soter,0.0,0.0,0.0,0.0,0.0,0.0,Sem dados digitais,,,27.7162375
Senador Alexandre Costa,300.0,1,70.0,60.0,60.5,60.5,63.2,senador alexandre costa,0,medio,250.0,0,55,60,50,49.21,D,1500.0,40,43.0525,D,270.0,300.0,345.0,20.0,Custo alto,Entrar com cautela e baixo custo político.,Senador Alexandre Costa,Sem classificação,43.0525,39.594625,2111748,True,senador alexandre costa,0.0,0.0,0.0,0.0,0.0,0.0,Sem dados digitais,,,27.7162375
Maracaçumé,300.0,1,70.0,60.0,60.5,60.5,63.2,maracacume,0,medio,250.0,0,55,60,50,49.21,D,1500.0,40,43.0525,D,270.0,300.0,345.0,20.0,Custo alto,Entrar com cautela e baixo custo político.,Maracaçumé,Sem classificação,43.0525,39.594625,2106326,True,maracacume,0.0,0.0,0.0,0.0,0.0,0.0,Sem dados digitais,,,27.7162375
Vargem Grande,300.0,1,70.0,60.0,60.5,60.5,63.2,vargem grande,0,medio,250.0,0,55,60,50,49.21,D,1500.0,40,43.0525,D,270.0,300.0,345.0,20.0,Custo alto,Entrar com cautela e baixo custo político.,Vargem Grande,Sem classificação,43.0525,39.594625,2112704,True,vargem grande,0.0,0.0,0.0,0.0,0.0,0.0,Sem dados digitais,,,27.7162375
Presidente Sarney,100.0,1,70.0,60.0,60.5,60.5,63.2,presidente sarney,0,medio,250.0,0,55,60,50,49.21,D,500.0,40,43.0525,D,90.0,100.0,115.0,20.0,Custo alto,Entrar com cautela e baixo custo político.,Presidente Sarney,Sem classificação,43.0525,39.594625,2109270,True,presidente sarney,0.0,0.0,0.0,0.0,0.0,0.0,Sem dados digitais,,,27.7162375
Peri Mirim,200.0,1,70.0,60.0,60.5,60.5,63.2,peri mirim,0,medio,250.0,0,55,60,50,49.21,D,1000.0,40,43.0525,D,180.0,200.0,230.0,20.0,Custo alto,Entrar com cautela e baixo custo político.,Peri Mirim,Sem classificação,43.0525,39.594625,2108405,True,peri mirim,0.0,0.0,0.0,0.0,0.0,0.0,Sem dados digitais,,,27.7162375
Olho D´agua das Cunhas,150.0,1,65.0,60.0,58.75,58.75,61.0,olho d agua das cunhas,0,medio,250.0,0,55,60,50,48.55,D,750.0,40,42.8875,D,135.0,150.0,172.5,20.0,Custo alto,Entrar com cautela e baixo custo político.,Olho D´agua das Cunhas,Sem classificação,42.8875,39.454375000000006,2107407,True,olho d agua das cunhas,0.0,0.0,0.0,0.0,0.0,0.0,Sem dados digitais,,,27.618062500000004
Pedreiras,300.0,1,65.0,60.0,58.75,58.75,61.0,pedreiras,0,medio,250.0,0,55,60,50,48.55,D,1500.0,40,42.8875,D,270.0,300.0,345.0,20.0,Custo alto,Entrar com cautela e baixo custo político.,Pedreiras,Sem classificação,42.8875,39.454375000000006,2108207,True,pedreiras,0.0,0.0,0.0,0.0,0.0,0.0,Sem dados digitais,,,27.618062500000004
Arari,100.0,1,65.0,60.0,58.75,58.75,61.0,arari,0,medio,250.0,0,55,60,50,48.55,D,500.0,40,42.8875,D,90.0,100.0,115.0,20.0,Custo alto,Entrar com cautela e baixo custo político.,Arari,Sem classificação,42.8875,39.454375000000006,2101004,True,arari,0.0,0.0,0.0,0.0,0.0,0.0,Sem dados digitais,,,27.618062500000004
Viana,200.0,1,65.0,60.0,58.75,58.75,61.0,viana,0,medio,250.0,0,55,60,50,48.55,D,1000.0,40,42.8875,D,180.0,200.0,230.0,20.0,Custo alto,Entrar com cautela e baixo custo político.,Viana,Sem classificação,42.8875,39.454375000000006,2112803,True,viana,0.0,0.0,0.0,0.0,0.0,0.0,Sem dados digitais,,,27.618062500000004
Lago da Pedra,1500.0,2,52.5,57.5,53.5,67.5,60.0,lago da pedra,0,medio,250.0,0,55,60,50,48.25,D,7500.0,40,42.8125,D,1350.0,1500.0,1724.9999999999998,20.0,Custo alto,Entrar com cautela e baixo custo político.,Lago da Pedra,Sem classificação,42.8125,39.390625,2105708,True,lago da pedra,0.0,0.0,0.0,0.0,0.0,0.0,Sem dados digitais,,,27.573437499999997
Fortaleza dos Nogueiras,300.0,1,35.0,80.0,55.25,55.25,56.6,fortaleza dos nogueiras,0,medio,250.0,0,55,60,50,47.23,D,1500.0,40,42.5575,D,270.0,300.0,345.0,20.0,Custo alto,Entrar com cautela e baixo custo político.,Fortaleza dos Nogueiras,Sem classificação,42.5575,39.173875,2104107,True,fortaleza dos nogueiras,0.0,0.0,0.0,0.0,0.0,0.0,Sem dados digitais,,,27.4217125
Buriticupu,500.0,1,35.0,80.0,55.25,55.25,56.6,buriticupu,0,medio,250.0,0,55,60,50,47.23,D,2500.0,40,42.5575,D,450.0,500.0,575.0,20.0,Custo alto,Entrar com cautela e baixo custo político.,Buriticupu,Sem classificação,42.5575,39.173875,2102325,True,buriticupu,0.0,0.0,0.0,0.0,0.0,0.0,Sem dados digitais,,,27.4217125
Pindaré-Mirim,500.0,1,35.0,80.0,55.25,55.25,56.6,pindare mirim,0,medio,250.0,0,55,60,50,47.23,D,2500.0,40,42.5575,D,450.0,500.0,575.0,20.0,Custo alto,Entrar com cautela e baixo custo político.,Pindaré-Mirim,Sem classificação,42.5575,39.173875,2108504,True,pindare mirim,0.0,0.0,0.0,0.0,0.0,0.0,Sem dados digitais,,,27.4217125
Paulo Ramos,800.0,1,70.0,35.0,51.75,51.75,52.2,paulo ramos,0,medio,250.0,0,55,60,50,45.91,D,4000.0,40,42.2275,D,720.0,800.0,920.0,20.0,Custo alto,Entrar com cautela e baixo custo político.,Paulo Ramos,Sem classificação,42.2275,38.893375,2108108,True,paulo ramos,0.0,0.0,0.0,0.0,0.0,0.0,Sem dados digitais,,,27.2253625
Buritirana,250.0,1,70.0,35.0,51.75,51.75,52.2,buritirana,0,medio,250.0,0,55,60,50,45.91,D,1250.0,40,42.2275,D,225.0,250.0,287.5,20.0,Custo alto,Entrar com cautela e baixo custo político.,Buritirana,Sem classificação,42.2275,38.893375,2102358,True,buritirana,0.0,0.0,0.0,0.0,0.0,0.0,Sem dados digitais,,,27.2253625
Governador Luiz Rocha,200.0,1,70.0,35.0,51.75,51.75,52.2,governador luiz rocha,0,medio,250.0,0,55,60,50,45.91,D,1000.0,40,42.2275,D,180.0,200.0,230.0,20.0,Custo alto,Entrar com cautela e baixo custo político.,Governador Luiz Rocha,Sem classificação,42.2275,38.893375,2104628,True,governador luiz rocha,0.0,0.0,0.0,0.0,0.0,0.0,Sem dados digitais,,,27.2253625
Boa Vista do Gurupi,100.0,1,70.0,35.0,51.75,51.75,52.2,boa vista do gurupi,0,medio,250.0,0,55,60,50,45.91,D,500.0,40,42.2275,D,90.0,100.0,115.0,20.0,Custo alto,Entrar com cautela e baixo custo político.,Boa Vista do Gurupi,Sem classificação,42.2275,38.893375,2101970,True,boa vista do gurupi,0.0,0.0,0.0,0.0,0.0,0.0,Sem dados digitais,,,27.2253625
Fortuna,100.0,1,70.0,35.0,51.75,51.75,52.2,fortuna,0,medio,250.0,0,55,60,50,45.91,D,500.0,40,42.2275,D,90.0,100.0,115.0,20.0,Custo alto,Entrar com cautela e baixo custo político.,Fortuna,Sem classificação,42.2275,38.893375,2104206,True,fortuna,0.0,0.0,0.0,0.0,0.0,0.0,Sem dados digitais,,,27.2253625
Bom Jardim,1000.0,1,70.0,35.0,51.75,51.75,52.2,bom jardim,0,medio,250.0,0,55,60,50,45.91,D,5000.0,40,42.2275,D,900.0,1000.0,1150.0,20.0,Custo alto,Entrar com cautela e baixo custo político.,Bom Jardim,Sem classificação,42.2275,38.893375,2102002,True,bom jardim,0.0,0.0,0.0,0.0,0.0,0.0,Sem dados digitais,,,27.2253625
Luís Domingues,100.0,1,70.0,35.0,51.75,51.75,52.2,luis domingues,0,medio,250.0,0,55,60,50,45.91,D,500.0,40,42.2275,D,90.0,100.0,115.0,20.0,Custo alto,Entrar com cautela e baixo custo político.,Luís Domingues,Sem classificação,42.2275,38.893375,2106201,True,luis domingues,0.0,0.0,0.0,0.0,0.0,0.0,Sem dados digitais,,,27.2253625
Palmeirândia,100.0,1,65.0,35.0,50.0,50.0,50.0,palmeirandia,0,medio,250.0,0,55,60,50,45.25,D,500.0,40,42.0625,D,90.0,100.0,115.0,20.0,Custo alto,Entrar com cautela e baixo custo político.,Palmeirândia,Sem classificação,42.0625,38.753125000000004,2107605,True,palmeirandia,0.0,0.0,0.0,0.0,0.0,0.0,Sem dados digitais,,,27.1271875
Arame,1000.0,1,65.0,35.0,50.0,50.0,50.0,arame,0,medio,250.0,0,55,60,50,45.25,D,5000.0,40,42.0625,D,900.0,1000.0,1150.0,20.0,Custo alto,Entrar com cautela e baixo custo político.,Arame,Sem classificação,42.0625,38.753125000000004,2100956,True,arame,0.0,0.0,0.0,0.0,0.0,0.0,Sem dados digitais,,,27.1271875
São Vicente Ferrer,600.0,1,35.0,35.0,39.5,39.5,36.8,sao vicente ferrer,0,medio,250.0,0,55,60,50,41.29,D,3000.0,40,41.0725,D,540.0,600.0,690.0,20.0,Custo alto,Entrar com cautela e baixo custo político.,São Vicente Ferrer,Sem classificação,41.0725,37.911625,2111706,True,sao vicente ferrer,0.0,0.0,0.0,0.0,0.0,0.0,Sem dados digitais,,,26.538137499999998
Chapadinha,500.0,1,35.0,35.0,39.5,39.5,36.8,chapadinha,0,medio,250.0,0,55,60,50,41.29,D,2500.0,40,41.0725,D,450.0,500.0,575.0,20.0,Custo alto,Entrar com cautela e baixo custo político.,Chapadinha,Sem classificação,41.0725,37.911625,2103208,True,chapadinha,0.0,0.0,0.0,0.0,0.0,0.0,Sem dados digitais,,,26.538137499999998
Bom Jesus das Selvas,600.0,1,35.0,35.0,39.5,39.5,36.8,bom jesus das selvas,0,medio,250.0,0,55,60,50,41.29,D,3000.0,40,41.0725,D,540.0,600.0,690.0,20.0,Custo alto,Entrar com cautela e baixo custo político.,Bom Jesus das Selvas,Sem classificação,41.0725,37.911625,2102036,True,bom jesus das selvas,2.0,81.0,58.5,74.0,12.5,57.13,Neutro/instável,Maramais; Neto Cruz,Bom Jesus das Selvas; Região Tocantina; base política; humanização; interior; lideranças; proximidade,43.6771375
Lago Verde,600.0,1,35.0,35.0,39.5,39.5,36.8,lago verde,0,medio,250.0,0,55,60,50,41.29,D,3000.0,40,41.0725,D,540.0,600.0,690.0,20.0,Custo alto,Entrar com cautela e baixo custo político.,Lago Verde,Sem classificação,41.0725,37.911625,2105906,True,lago verde,0.0,0.0,0.0,0.0,0.0,0.0,Sem dados digitais,,,26.538137499999998
São João Batista,200.0,1,35.0,35.0,39.5,39.5,36.8,sao joao batista,0,medio,250.0,0,55,60,50,41.29,D,1000.0,40,41.0725,D,180.0,200.0,230.0,20.0,Custo alto,Entrar com cautela e baixo custo político.,São João Batista,Sem classificação,41.0725,37.911625,2111003,True,sao joao batista,0.0,0.0,0.0,0.0,0.0,0.0,Sem dados digitais,,,26.538137499999998
Açailândia,500.0,1,35.0,35.0,39.5,39.5,36.8,acailandia,0,medio,250.0,0,55,60,50,41.29,D,2500.0,40,41.0725,D,450.0,500.0,575.0,20.0,Custo alto,Entrar com cautela e baixo custo político.,Açailândia,Sem classificação,41.0725,37.911625,2100055,True,acailandia,0.0,0.0,0.0,0.0,0.0,0.0,Sem dados digitais,,,26.538137499999998
São Bernardo,100.0,1,35.0,35.0,39.5,39.5,36.8,sao bernardo,0,medio,250.0,0,55,60,50,41.29,D,500.0,40,41.0725,D,90.0,100.0,115.0,20.0,Custo alto,Entrar com cautela e baixo custo político.,São Bernardo,Sem classificação,41.0725,37.911625,2110609,True,sao bernardo,0.0,0.0,0.0,0.0,0.0,0.0,Sem dados digitais,,,26.538137499999998
Anapurus,400.0,1,35.0,35.0,39.5,39.5,36.8,anapurus,0,medio,250.0,0,55,60,50,41.29,D,2000.0,40,41.0725,D,360.0,400.0,460.0,20.0,Custo alto,Entrar com cautela e baixo custo político.,Anapurus,Sem classificação,41.0725,37.911625,2100808,True,anapurus,0.0,0.0,0.0,0.0,0.0,0.0,Sem dados digitais,,,26.538137499999998
Senador La Rocque,500.0,1,35.0,35.0,39.5,39.5,36.8,senador la rocque,0,medio,250.0,0,55,60,50,41.29,D,2500.0,40,41.0725,D,450.0,500.0,575.0,20.0,Custo alto,Entrar com cautela e baixo custo político.,Senador La Rocque,Sem classificação,41.0725,37.911625,2111763,True,senador la rocque,0.0,0.0,0.0,0.0,0.0,0.0,Sem dados digitais,,,26.538137499999998
S. Raimundo das Mangabeiras,1250.0,1,35.0,35.0,39.5,39.5,36.8,sao raimundo das mangabeiras,0,medio,250.0,0,55,60,50,41.29,D,6250.0,40,41.0725,D,1125.0,1250.0,1437.5,20.0,Custo alto,Entrar com cautela e baixo custo político.,S. Raimundo das Mangabeiras,Sem classificação,41.0725,37.911625,2111607,True,s raimundo das mangabeiras,0.0,0.0,0.0,0.0,0.0,0.0,Sem dados digitais,,,26.538137499999998
Santo Antônio dos Lopes,250.0,1,35.0,35.0,39.5,39.5,36.8,santo antonio dos lopes,0,medio,250.0,0,55,60,50,41.29,D,1250.0,40,41.0725,D,225.0,250.0,287.5,20.0,Custo alto,Entrar com cautela e baixo custo político.,Santo Antônio dos Lopes,Sem classificação,41.0725,37.911625,2110302,True,santo antonio dos lopes,0.0,0.0,0.0,0.0,0.0,0.0,Sem dados digitais,,,26.538137499999998
Milagres do Maranhão,700.0,1,35.0,35.0,39.5,39.5,36.8,milagres do maranhao,0,medio,250.0,0,55,60,50,41.29,D,3500.0,40,41.0725,D,630.0,700.0,804.9999999999999,20.0,Custo alto,Entrar com cautela e baixo custo político.,Milagres do Maranhão,Sem classificação,41.0725,37.911625,2106672,True,milagres do maranhao,0.0,0.0,0.0,0.0,0.0,0.0,Sem dados digitais,,,26.538137499999998
Gov. Nunes Freire,100.0,1,35.0,35.0,39.5,39.5,36.8,governador nunes freire,0,medio,250.0,0,55,60,50,41.29,D,500.0,40,41.0725,D,90.0,100.0,115.0,20.0,Custo alto,Entrar com cautela e baixo custo político.,Gov. Nunes Freire,Sem classificação,41.0725,37.911625,2104677,True,gov nunes freire,0.0,0.0,0.0,0.0,0.0,0.0,Sem dados digitais,,,26.538137499999998
São Benedito,100.0,1,35.0,35.0,39.5,39.5,36.8,sao benedito do rio preto,0,medio,250.0,0,55,60,50,41.29,D,500.0,40,41.0725,D,90.0,100.0,115.0,20.0,Custo alto,Entrar com cautela e baixo custo político.,São Benedito,Sem classificação,41.0725,37.911625,2110401,True,sao benedito,0.0,0.0,0.0,0.0,0.0,0.0,Sem dados digitais,,,26.538137499999998
Montes Altos,100.0,1,35.0,35.0,39.5,39.5,36.8,montes altos,0,medio,250.0,0,55,60,50,41.29,D,500.0,40,41.0725,D,90.0,100.0,115.0,20.0,Custo alto,Entrar com cautela e baixo custo político.,Montes Altos,Sem classificação,41.0725,37.911625,2107001,True,montes altos,0.0,0.0,0.0,0.0,0.0,0.0,Sem dados digitais,,,26.538137499999998
Miranda do Norte,150.0,1,35.0,35.0,39.5,39.5,36.8,miranda do norte,0,medio,250.0,0,55,60,50,41.29,D,750.0,40,41.0725,D,135.0,150.0,172.5,20.0,Custo alto,Entrar com cautela e baixo custo político.,Miranda do Norte,Sem classificação,41.0725,37.911625,2106755,True,miranda do norte,0.0,0.0,0.0,0.0,0.0,0.0,Sem dados digitais,,,26.538137499999998
Santa Inês,200.0,1,35.0,35.0,39.5,39.5,36.8,santa ines,0,medio,250.0,0,55,60,50,41.29,D,1000.0,40,41.0725,D,180.0,200.0,230.0,20.0,Custo alto,Entrar com cautela e baixo custo político.,Santa Inês,Sem classificação,41.0725,37.911625,2109908,True,santa ines,0.0,0.0,0.0,0.0,0.0,0.0,Sem dados digitais,,,26.538137499999998
Lagoa do Mato,300.0,1,35.0,35.0,39.5,39.5,36.8,lagoa do mato,0,medio,250.0,0,55,60,50,41.29,D,1500.0,40,41.0725,D,270.0,300.0,345.0,20.0,Custo alto,Entrar com cautela e baixo custo político.,Lagoa do Mato,Sem classificação,41.0725,37.911625,2105922,True,lagoa do mato,0.0,0.0,0.0,0.0,0.0,0.0,Sem dados digitais,,,26.538137499999998
Ribeirãozinho/ Edison Lobão,600.0,1,35.0,35.0,39.5,39.5,36.8,edison lobao,0,medio,250.0,0,55,60,50,41.29,D,3000.0,40,41.0725,D,540.0,600.0,690.0,20.0,Custo alto,Entrar com cautela e baixo custo político.,Ribeirãozinho/ Edison Lobão,Sem classificação,41.0725,37.911625,,False,ribeiraozinho edison lobao,0.0,0.0,0.0,0.0,0.0,0.0,Sem dados digitais,,,26.538137499999998
Ribamar Fiquene,150.0,1,35.0,35.0,39.5,39.5,36.8,ribamar fiquene,0,medio,250.0,0,55,60,50,41.29,D,750.0,40,41.0725,D,135.0,150.0,172.5,20.0,Custo alto,Entrar com cautela e baixo custo político.,Ribamar Fiquene,Sem classificação,41.0725,37.911625,2109551,True,ribamar fiquene,0.0,0.0,0.0,0.0,0.0,0.0,Sem dados digitais,,,26.538137499999998
Fernando Falcão,1000.0,1,35.0,35.0,39.5,39.5,36.8,fernando falcao,0,medio,250.0,0,55,60,50,41.29,D,5000.0,40,41.0725,D,900.0,1000.0,1150.0,20.0,Custo alto,Entrar com cautela e baixo custo político.,Fernando Falcão,Sem classificação,41.0725,37.911625,2104081,True,fernando falcao,0.0,0.0,0.0,0.0,0.0,0.0,Sem dados digitais,,,26.538137499999998
Vitorino Freire,300.0,1,35.0,35.0,39.5,39.5,36.8,vitorino freire,0,medio,250.0,0,55,60,50,41.29,D,1500.0,40,41.0725,D,270.0,300.0,345.0,20.0,Custo alto,Entrar com cautela e baixo custo político.,Vitorino Freire,Sem classificação,41.0725,37.911625,2113009,True,vitorino freire,0.0,0.0,0.0,0.0,0.0,0.0,Sem dados digitais,,,26.538137499999998
Pinheiro,100.0,1,35.0,35.0,39.5,39.5,36.8,pinheiro,0,medio,250.0,0,55,60,50,41.29,D,500.0,40,41.0725,D,90.0,100.0,115.0,20.0,Custo alto,Entrar com cautela e baixo custo político.,Pinheiro,Sem classificação,41.0725,37.911625,2108603,True,pinheiro,0.0,0.0,0.0,0.0,0.0,0.0,Sem dados digitais,,,26.538137499999998
Pastos Bons,250.0,1,35.0,35.0,39.5,39.5,36.8,pastos bons,0,medio,250.0,0,55,60,50,41.29,D,1250.0,40,41.0725,D,225.0,250.0,287.5,20.0,Custo alto,Entrar com cautela e baixo custo político.,Pastos Bons,Sem classificação,41.0725,37.911625,2108009,True,pastos bons,0.0,0.0,0.0,0.0,0.0,0.0,Sem dados digitais,,,26.538137499999998
Joselândia,350.0,1,35.0,35.0,39.5,39.5,36.8,joselandia,0,medio,250.0,0,55,60,50,41.29,D,1750.0,40,41.0725,D,315.0,350.0,402.5,20.0,Custo alto,Entrar com cautela e baixo custo político.,Joselândia,Sem classificação,41.0725,37.911625,2105609,True,joselandia,0.0,0.0,0.0,0.0,0.0,0.0,Sem dados digitais,,,26.538137499999998
Pres. Juscelino ,100.0,1,35.0,35.0,39.5,39.5,36.8,presidente juscelino,0,medio,250.0,0,55,60,50,41.29,D,500.0,40,41.0725,D,90.0,100.0,115.0,20.0,Custo alto,Entrar com cautela e baixo custo político.,Pres. Juscelino ,Sem classificação,41.0725,37.911625,2109205,True,pres juscelino,0.0,0.0,0.0,0.0,0.0,0.0,Sem dados digitais,,,26.538137499999998
João Lisboa,150.0,1,35.0,35.0,39.5,39.5,36.8,joao lisboa,0,medio,250.0,0,55,60,50,41.29,D,750.0,40,41.0725,D,135.0,150.0,172.5,20.0,Custo alto,Entrar com cautela e baixo custo político.,João Lisboa,Sem classificação,41.0725,37.911625,2105500,True,joao lisboa,0.0,0.0,0.0,0.0,0.0,0.0,Sem dados digitais,,,26.538137499999998
Cândido Mendes,100.0,1,35.0,30.0,37.75,37.75,34.6,candido mendes,0,medio,250.0,0,55,60,50,40.63,D,500.0,40,40.9075,D,90.0,100.0,115.0,20.0,Custo alto,Entrar com cautela e baixo custo político.,Cândido Mendes,Sem classificação,40.9075,37.771375000000006,2102606,True,candido mendes,0.0,0.0,0.0,0.0,0.0,0.0,Sem dados digitais,,,26.439962500000004
Codó,200.0,1,35.0,30.0,37.75,37.75,34.6,codo,0,medio,250.0,0,55,60,50,40.63,D,1000.0,40,40.9075,D,180.0,200.0,230.0,20.0,Custo alto,Entrar com cautela e baixo custo político.,Codó,Sem classificação,40.9075,37.771375000000006,2103307,True,codo,0.0,0.0,0.0,0.0,0.0,0.0,Sem dados digitais,,,26.439962500000004
